{
    "Hossein": 0.44634886627387965,
    "John": 0.28530670470756064
}